phone_number,first_name,last_name,email,company
+1-555-0101,John,Smith,john.smith@techcorp.com,TechCorp Inc
+1-555-0102,Sarah,Johnson,sarah.j@healthplus.com,HealthPlus Medical
+1-555-0103,Mike,Chen,mike.chen@retailmax.com,RetailMax Stores
+1-555-0104,Emily,Davis,emily.davis@financepro.com,FinancePro Group
+1-555-0105,David,Wilson,david.w@logistics.com,FastLogistics Inc
+1-555-0101,John,Smith,UPDATED,john.smith@techcorp.com,TechCorp Inc UPDATED
+1-555-0102,Sarah,Johnson,UPDATED,sarah.j@healthplus.com,HealthPlus Medical UPDATED
+1-555-9999,New,Person,new.person@example.com,New Company
